Kode,Deskripsi
A1,"Mesin tunggal, waktu pendek (jam)"
A2,"Mesin tunggal, waktu harian"
A3,"Mesin tunggal, waktu mingguan"
A4,"Mesin tunggal, waktu bulanan"
A5,"Mesin tunggal, rentang waktu jelas"
A6,"Mesin tunggal, shift kerja"
A7,"Beberapa mesin, waktu harian"
A8,"Beberapa mesin, waktu mingguan"
A9,"Beberapa mesin, waktu bulanan"
A10,"Beberapa mesin, rentang jelas"
A11,"Semua mesin, waktu harian"
A12,"Semua mesin, waktu mingguan"
A13,"Semua mesin, waktu bulanan"
A14,"Semua mesin, rentang jelas"
A15,"Semua mesin, shift kerja"
