code;name;desc;scope;granularity;case
c1;SINGLE_MONTH_RANGE_LASTYEAR;satu mesin, rentang bulan dalam 'tahun lalu';NOT_ALL;MONTH;RANGE_REL
c2;SINGLE_MONTH_PART_LASTYEAR;satu mesin, bagian bulan (awal/pertengahan/akhir) di 'tahun lalu';NOT_ALL;MONTH;SINGLE_PERIOD
c3;SINGLE_MONTH_RANGE_ABS_YEAR;satu mesin, rentang bulan dengan tahun eksplisit;NOT_ALL;MONTH;RANGE_REL
c4;MULTI_MONTH_RANGE_LASTYEAR;beberapa mesin, rentang bulan 'tahun lalu';NOT_ALL;MONTH;RANGE_REL
c5;ALL_MONTH_RANGE_LASTYEAR;semua mesin, rentang bulan 'tahun lalu';ALL;MONTH;RANGE_REL
c6;SINGLE_WEEK_RANGE_WITHIN_MONTH;satu mesin, rentang pekan dalam satu bulan;NOT_ALL;WEEK;RANGE_REL
c7;SINGLE_DAY_RANGE_WITHIN_MONTH;satu mesin, rentang tanggal dalam satu bulan;NOT_ALL;DAY;RANGE_REL
c8;CROSS_YEAR_MONTH_RANGE;lintas tahun: bulan A tahun lalu → bulan B tahun ini/explicit another year;NOT_ALL;MONTH;RANGE_REL
c9;RELATIVE_WEEKS_N_LAST;N minggu terakhir (rentang relatif);NOT_ALL;WEEK;RANGE_REL
c10;HOURLY_RANGE_IN_DAY;rentang jam pada tanggal tertentu;NOT_ALL;DAY;RANGE_ABS
c11;QUARTER_RANGE;kuartal tertentu (Q1/Q2/Q3/Q4) eksplisit;NOT_ALL;ALL;RANGE_ABS
c12;AMBIGUOUS_NEEDS_CLARIFICATION;tidak cukup jelas, butuh klarifikasi;NOT_ALL;ALL;SUMMARY
