horizon,model,MAE,MSE,R2
y_step_12m,"GRU(final, input=COMBO)",0.18323367834091187,1.0188143253326416,0.0825200080871582
y_step_12m,"GRU(final, input=VALUE)",0.16937316954135895,0.920565128326416,0.17099696397781372
y_step_12m,"LSTM(final, input=COMBO)",0.21499934792518616,1.036370038986206,0.06671035289764404
y_step_12m,"LSTM(final, input=VALUE)",0.19047005474567413,0.9385781288146973,0.15477561950683594
y_step_12m,Linear,0.1594008435125798,1.313776225475816,-0.1842707679472093
y_step_12m,Linear+RF residual,0.16617159031543802,0.9873196495266392,0.11000535945091494
y_step_24m,"GRU(final, input=COMBO)",0.21477310359477997,1.5096092224121094,-0.013435959815979004
y_step_24m,"GRU(final, input=VALUE)",0.22277264297008514,1.5199222564697266,-0.020359277725219727
y_step_24m,"LSTM(final, input=COMBO)",0.2234605848789215,1.4991867542266846,-0.006439089775085449
y_step_24m,"LSTM(final, input=VALUE)",0.2254367172718048,1.4970015287399292,-0.004972100257873535
y_step_24m,Linear,0.20955424325461955,2.343878024757981,-0.575064268105377
y_step_24m,Linear+RF residual,0.216212597678923,1.6651687956639027,-0.11897796843975761
y_step_3m,"GRU(final, input=COMBO)",0.12950386106967926,0.6784286499023438,0.3890509605407715
y_step_3m,"GRU(final, input=VALUE)",0.09917262196540833,0.3546675145626068,0.6806093454360962
y_step_3m,"LSTM(final, input=COMBO)",0.171683207154274,0.693431556224823,0.37554025650024414
y_step_3m,"LSTM(final, input=VALUE)",0.14828762412071228,0.35665658116340637,0.6788181066513062
y_step_3m,Linear,0.08100468168751875,0.39664485522629805,0.6424545384088972
y_step_3m,Linear+RF residual,0.08127155339099543,0.4725725089185445,0.5740114774962954
y_step_48m,"GRU(final, input=COMBO)",0.21285192668437958,1.5027064085006714,-0.008806705474853516
y_step_48m,"GRU(final, input=VALUE)",0.21785040199756622,1.5139882564544678,-0.01638054847717285
y_step_48m,"LSTM(final, input=COMBO)",0.2520096004009247,1.522905945777893,-0.022367238998413086
y_step_48m,"LSTM(final, input=VALUE)",0.2541745901107788,1.5259779691696167,-0.0244295597076416
y_step_48m,Linear,0.22752792026356333,2.449067987471681,-0.6457541819890313
y_step_48m,Linear+RF residual,0.22368744051277406,1.6777266245468274,-0.12741892944865008
y_step_6m,"GRU(final, input=COMBO)",0.17421258985996246,0.8178645968437195,0.2634826898574829
y_step_6m,"GRU(final, input=VALUE)",0.15549972653388977,0.5995617508888245,0.46007245779037476
y_step_6m,"LSTM(final, input=COMBO)",0.1562419831752777,0.9141449332237244,0.1767786741256714
y_step_6m,"LSTM(final, input=VALUE)",0.12484926730394363,0.5560621023178101,0.4992455244064331
y_step_6m,Linear,0.1141120273274667,0.712490425955904,0.3577440004193688
y_step_6m,Linear+RF residual,0.12063731122414244,0.788879671857738,0.28888489762080083
